source_id,metric,date,value,direction,window,source_url,retrieved_at,license_status,fetch_status,content_type,raw_path,source_hash,caveat
imf-portwatch-hormuz,daily_transit_calls,2026-05-12,,both,source_snapshot,https://portwatch.imf.org/pages/cb5856222a5b4105adc6ee7e880a1730,2026-05-12T07:44:00.346Z,open,200,text/html; charset=utf-8,data/raw/traffic/imf-portwatch-hormuz/2026-05-12T07-44-00-346Z-imf-portwatch-hormuz-page.html,sha256:364de50071da579cf09ee4db2b50e841e38232562713b4f89d0791d3262f699c,"AIS-derived PortWatch aggregate; GPS jamming, AIS spoofing, dark vessels, and revisions are material risks. title=chokepoint6 linked_assets="
imf-portwatch-hormuz,daily_transit_calls,2026-03-05,4,both,daily,https://portwatch.imf.org/pages/cb5856222a5b4105adc6ee7e880a1730,2026-05-12T07:44:00.346Z,open,200,application/json; charset=utf-8,data/raw/traffic/imf-portwatch-hormuz/2026-05-12T07-44-00-346Z-portwatch-daily-chokepoint6.json,sha256:40c66f5348995d222e8502e82f7f5e19ef7924886ea86a5a0422265ce2ee7e81,PortWatch chokepoint6 Strait of Hormuz; AIS/GNSS caveat applies. n_tanker=1; n_cargo=3; capacity=43358.
imf-portwatch-hormuz,daily_transit_calls,2026-03-06,5,both,daily,https://portwatch.imf.org/pages/cb5856222a5b4105adc6ee7e880a1730,2026-05-12T07:44:00.346Z,open,200,application/json; charset=utf-8,data/raw/traffic/imf-portwatch-hormuz/2026-05-12T07-44-00-346Z-portwatch-daily-chokepoint6.json,sha256:40c66f5348995d222e8502e82f7f5e19ef7924886ea86a5a0422265ce2ee7e81,PortWatch chokepoint6 Strait of Hormuz; AIS/GNSS caveat applies. n_tanker=0; n_cargo=5; capacity=89328.
imf-portwatch-hormuz,daily_transit_calls,2026-03-07,7,both,daily,https://portwatch.imf.org/pages/cb5856222a5b4105adc6ee7e880a1730,2026-05-12T07:44:00.346Z,open,200,application/json; charset=utf-8,data/raw/traffic/imf-portwatch-hormuz/2026-05-12T07-44-00-346Z-portwatch-daily-chokepoint6.json,sha256:40c66f5348995d222e8502e82f7f5e19ef7924886ea86a5a0422265ce2ee7e81,PortWatch chokepoint6 Strait of Hormuz; AIS/GNSS caveat applies. n_tanker=2; n_cargo=5; capacity=74018.
imf-portwatch-hormuz,daily_transit_calls,2026-03-08,6,both,daily,https://portwatch.imf.org/pages/cb5856222a5b4105adc6ee7e880a1730,2026-05-12T07:44:00.346Z,open,200,application/json; charset=utf-8,data/raw/traffic/imf-portwatch-hormuz/2026-05-12T07-44-00-346Z-portwatch-daily-chokepoint6.json,sha256:40c66f5348995d222e8502e82f7f5e19ef7924886ea86a5a0422265ce2ee7e81,PortWatch chokepoint6 Strait of Hormuz; AIS/GNSS caveat applies. n_tanker=1; n_cargo=5; capacity=105199.
imf-portwatch-hormuz,daily_transit_calls,2026-03-09,9,both,daily,https://portwatch.imf.org/pages/cb5856222a5b4105adc6ee7e880a1730,2026-05-12T07:44:00.346Z,open,200,application/json; charset=utf-8,data/raw/traffic/imf-portwatch-hormuz/2026-05-12T07-44-00-346Z-portwatch-daily-chokepoint6.json,sha256:40c66f5348995d222e8502e82f7f5e19ef7924886ea86a5a0422265ce2ee7e81,PortWatch chokepoint6 Strait of Hormuz; AIS/GNSS caveat applies. n_tanker=6; n_cargo=3; capacity=156541.
imf-portwatch-hormuz,daily_transit_calls,2026-03-10,4,both,daily,https://portwatch.imf.org/pages/cb5856222a5b4105adc6ee7e880a1730,2026-05-12T07:44:00.346Z,open,200,application/json; charset=utf-8,data/raw/traffic/imf-portwatch-hormuz/2026-05-12T07-44-00-346Z-portwatch-daily-chokepoint6.json,sha256:40c66f5348995d222e8502e82f7f5e19ef7924886ea86a5a0422265ce2ee7e81,PortWatch chokepoint6 Strait of Hormuz; AIS/GNSS caveat applies. n_tanker=1; n_cargo=3; capacity=126946.
imf-portwatch-hormuz,daily_transit_calls,2026-03-11,5,both,daily,https://portwatch.imf.org/pages/cb5856222a5b4105adc6ee7e880a1730,2026-05-12T07:44:00.346Z,open,200,application/json; charset=utf-8,data/raw/traffic/imf-portwatch-hormuz/2026-05-12T07-44-00-346Z-portwatch-daily-chokepoint6.json,sha256:40c66f5348995d222e8502e82f7f5e19ef7924886ea86a5a0422265ce2ee7e81,PortWatch chokepoint6 Strait of Hormuz; AIS/GNSS caveat applies. n_tanker=1; n_cargo=4; capacity=180982.
imf-portwatch-hormuz,daily_transit_calls,2026-03-12,8,both,daily,https://portwatch.imf.org/pages/cb5856222a5b4105adc6ee7e880a1730,2026-05-12T07:44:00.346Z,open,200,application/json; charset=utf-8,data/raw/traffic/imf-portwatch-hormuz/2026-05-12T07-44-00-346Z-portwatch-daily-chokepoint6.json,sha256:40c66f5348995d222e8502e82f7f5e19ef7924886ea86a5a0422265ce2ee7e81,PortWatch chokepoint6 Strait of Hormuz; AIS/GNSS caveat applies. n_tanker=3; n_cargo=5; capacity=53065.
imf-portwatch-hormuz,daily_transit_calls,2026-03-13,3,both,daily,https://portwatch.imf.org/pages/cb5856222a5b4105adc6ee7e880a1730,2026-05-12T07:44:00.346Z,open,200,application/json; charset=utf-8,data/raw/traffic/imf-portwatch-hormuz/2026-05-12T07-44-00-346Z-portwatch-daily-chokepoint6.json,sha256:40c66f5348995d222e8502e82f7f5e19ef7924886ea86a5a0422265ce2ee7e81,PortWatch chokepoint6 Strait of Hormuz; AIS/GNSS caveat applies. n_tanker=3; n_cargo=0; capacity=23880.
imf-portwatch-hormuz,daily_transit_calls,2026-03-14,3,both,daily,https://portwatch.imf.org/pages/cb5856222a5b4105adc6ee7e880a1730,2026-05-12T07:44:00.346Z,open,200,application/json; charset=utf-8,data/raw/traffic/imf-portwatch-hormuz/2026-05-12T07-44-00-346Z-portwatch-daily-chokepoint6.json,sha256:40c66f5348995d222e8502e82f7f5e19ef7924886ea86a5a0422265ce2ee7e81,PortWatch chokepoint6 Strait of Hormuz; AIS/GNSS caveat applies. n_tanker=1; n_cargo=2; capacity=449.
imf-portwatch-hormuz,daily_transit_calls,2026-03-15,9,both,daily,https://portwatch.imf.org/pages/cb5856222a5b4105adc6ee7e880a1730,2026-05-12T07:44:00.346Z,open,200,application/json; charset=utf-8,data/raw/traffic/imf-portwatch-hormuz/2026-05-12T07-44-00-346Z-portwatch-daily-chokepoint6.json,sha256:40c66f5348995d222e8502e82f7f5e19ef7924886ea86a5a0422265ce2ee7e81,PortWatch chokepoint6 Strait of Hormuz; AIS/GNSS caveat applies. n_tanker=5; n_cargo=4; capacity=356294.
imf-portwatch-hormuz,daily_transit_calls,2026-03-16,4,both,daily,https://portwatch.imf.org/pages/cb5856222a5b4105adc6ee7e880a1730,2026-05-12T07:44:00.346Z,open,200,application/json; charset=utf-8,data/raw/traffic/imf-portwatch-hormuz/2026-05-12T07-44-00-346Z-portwatch-daily-chokepoint6.json,sha256:40c66f5348995d222e8502e82f7f5e19ef7924886ea86a5a0422265ce2ee7e81,PortWatch chokepoint6 Strait of Hormuz; AIS/GNSS caveat applies. n_tanker=0; n_cargo=4; capacity=0.
imf-portwatch-hormuz,daily_transit_calls,2026-03-17,2,both,daily,https://portwatch.imf.org/pages/cb5856222a5b4105adc6ee7e880a1730,2026-05-12T07:44:00.346Z,open,200,application/json; charset=utf-8,data/raw/traffic/imf-portwatch-hormuz/2026-05-12T07-44-00-346Z-portwatch-daily-chokepoint6.json,sha256:40c66f5348995d222e8502e82f7f5e19ef7924886ea86a5a0422265ce2ee7e81,PortWatch chokepoint6 Strait of Hormuz; AIS/GNSS caveat applies. n_tanker=1; n_cargo=1; capacity=48254.
imf-portwatch-hormuz,daily_transit_calls,2026-03-18,1,both,daily,https://portwatch.imf.org/pages/cb5856222a5b4105adc6ee7e880a1730,2026-05-12T07:44:00.346Z,open,200,application/json; charset=utf-8,data/raw/traffic/imf-portwatch-hormuz/2026-05-12T07-44-00-346Z-portwatch-daily-chokepoint6.json,sha256:40c66f5348995d222e8502e82f7f5e19ef7924886ea86a5a0422265ce2ee7e81,PortWatch chokepoint6 Strait of Hormuz; AIS/GNSS caveat applies. n_tanker=0; n_cargo=1; capacity=0.
imf-portwatch-hormuz,daily_transit_calls,2026-03-19,3,both,daily,https://portwatch.imf.org/pages/cb5856222a5b4105adc6ee7e880a1730,2026-05-12T07:44:00.346Z,open,200,application/json; charset=utf-8,data/raw/traffic/imf-portwatch-hormuz/2026-05-12T07-44-00-346Z-portwatch-daily-chokepoint6.json,sha256:40c66f5348995d222e8502e82f7f5e19ef7924886ea86a5a0422265ce2ee7e81,PortWatch chokepoint6 Strait of Hormuz; AIS/GNSS caveat applies. n_tanker=1; n_cargo=2; capacity=34576.
imf-portwatch-hormuz,daily_transit_calls,2026-03-20,6,both,daily,https://portwatch.imf.org/pages/cb5856222a5b4105adc6ee7e880a1730,2026-05-12T07:44:00.346Z,open,200,application/json; charset=utf-8,data/raw/traffic/imf-portwatch-hormuz/2026-05-12T07-44-00-346Z-portwatch-daily-chokepoint6.json,sha256:40c66f5348995d222e8502e82f7f5e19ef7924886ea86a5a0422265ce2ee7e81,PortWatch chokepoint6 Strait of Hormuz; AIS/GNSS caveat applies. n_tanker=3; n_cargo=3; capacity=239761.
imf-portwatch-hormuz,daily_transit_calls,2026-03-21,0,both,daily,https://portwatch.imf.org/pages/cb5856222a5b4105adc6ee7e880a1730,2026-05-12T07:44:00.346Z,open,200,application/json; charset=utf-8,data/raw/traffic/imf-portwatch-hormuz/2026-05-12T07-44-00-346Z-portwatch-daily-chokepoint6.json,sha256:40c66f5348995d222e8502e82f7f5e19ef7924886ea86a5a0422265ce2ee7e81,PortWatch chokepoint6 Strait of Hormuz; AIS/GNSS caveat applies. n_tanker=0; n_cargo=0; capacity=0.
imf-portwatch-hormuz,daily_transit_calls,2026-03-22,3,both,daily,https://portwatch.imf.org/pages/cb5856222a5b4105adc6ee7e880a1730,2026-05-12T07:44:00.346Z,open,200,application/json; charset=utf-8,data/raw/traffic/imf-portwatch-hormuz/2026-05-12T07-44-00-346Z-portwatch-daily-chokepoint6.json,sha256:40c66f5348995d222e8502e82f7f5e19ef7924886ea86a5a0422265ce2ee7e81,PortWatch chokepoint6 Strait of Hormuz; AIS/GNSS caveat applies. n_tanker=0; n_cargo=3; capacity=47219.
imf-portwatch-hormuz,daily_transit_calls,2026-03-23,4,both,daily,https://portwatch.imf.org/pages/cb5856222a5b4105adc6ee7e880a1730,2026-05-12T07:44:00.346Z,open,200,application/json; charset=utf-8,data/raw/traffic/imf-portwatch-hormuz/2026-05-12T07-44-00-346Z-portwatch-daily-chokepoint6.json,sha256:40c66f5348995d222e8502e82f7f5e19ef7924886ea86a5a0422265ce2ee7e81,PortWatch chokepoint6 Strait of Hormuz; AIS/GNSS caveat applies. n_tanker=2; n_cargo=2; capacity=142251.
imf-portwatch-hormuz,daily_transit_calls,2026-03-24,2,both,daily,https://portwatch.imf.org/pages/cb5856222a5b4105adc6ee7e880a1730,2026-05-12T07:44:00.346Z,open,200,application/json; charset=utf-8,data/raw/traffic/imf-portwatch-hormuz/2026-05-12T07-44-00-346Z-portwatch-daily-chokepoint6.json,sha256:40c66f5348995d222e8502e82f7f5e19ef7924886ea86a5a0422265ce2ee7e81,PortWatch chokepoint6 Strait of Hormuz; AIS/GNSS caveat applies. n_tanker=1; n_cargo=1; capacity=12988.
imf-portwatch-hormuz,daily_transit_calls,2026-03-25,1,both,daily,https://portwatch.imf.org/pages/cb5856222a5b4105adc6ee7e880a1730,2026-05-12T07:44:00.346Z,open,200,application/json; charset=utf-8,data/raw/traffic/imf-portwatch-hormuz/2026-05-12T07-44-00-346Z-portwatch-daily-chokepoint6.json,sha256:40c66f5348995d222e8502e82f7f5e19ef7924886ea86a5a0422265ce2ee7e81,PortWatch chokepoint6 Strait of Hormuz; AIS/GNSS caveat applies. n_tanker=1; n_cargo=0; capacity=0.
imf-portwatch-hormuz,daily_transit_calls,2026-03-26,5,both,daily,https://portwatch.imf.org/pages/cb5856222a5b4105adc6ee7e880a1730,2026-05-12T07:44:00.346Z,open,200,application/json; charset=utf-8,data/raw/traffic/imf-portwatch-hormuz/2026-05-12T07-44-00-346Z-portwatch-daily-chokepoint6.json,sha256:40c66f5348995d222e8502e82f7f5e19ef7924886ea86a5a0422265ce2ee7e81,PortWatch chokepoint6 Strait of Hormuz; AIS/GNSS caveat applies. n_tanker=0; n_cargo=5; capacity=79871.
imf-portwatch-hormuz,daily_transit_calls,2026-03-27,3,both,daily,https://portwatch.imf.org/pages/cb5856222a5b4105adc6ee7e880a1730,2026-05-12T07:44:00.346Z,open,200,application/json; charset=utf-8,data/raw/traffic/imf-portwatch-hormuz/2026-05-12T07-44-00-346Z-portwatch-daily-chokepoint6.json,sha256:40c66f5348995d222e8502e82f7f5e19ef7924886ea86a5a0422265ce2ee7e81,PortWatch chokepoint6 Strait of Hormuz; AIS/GNSS caveat applies. n_tanker=0; n_cargo=3; capacity=150065.
imf-portwatch-hormuz,daily_transit_calls,2026-03-28,4,both,daily,https://portwatch.imf.org/pages/cb5856222a5b4105adc6ee7e880a1730,2026-05-12T07:44:00.346Z,open,200,application/json; charset=utf-8,data/raw/traffic/imf-portwatch-hormuz/2026-05-12T07-44-00-346Z-portwatch-daily-chokepoint6.json,sha256:40c66f5348995d222e8502e82f7f5e19ef7924886ea86a5a0422265ce2ee7e81,PortWatch chokepoint6 Strait of Hormuz; AIS/GNSS caveat applies. n_tanker=0; n_cargo=4; capacity=97272.
imf-portwatch-hormuz,daily_transit_calls,2026-03-29,5,both,daily,https://portwatch.imf.org/pages/cb5856222a5b4105adc6ee7e880a1730,2026-05-12T07:44:00.346Z,open,200,application/json; charset=utf-8,data/raw/traffic/imf-portwatch-hormuz/2026-05-12T07-44-00-346Z-portwatch-daily-chokepoint6.json,sha256:40c66f5348995d222e8502e82f7f5e19ef7924886ea86a5a0422265ce2ee7e81,PortWatch chokepoint6 Strait of Hormuz; AIS/GNSS caveat applies. n_tanker=2; n_cargo=3; capacity=124948.
imf-portwatch-hormuz,daily_transit_calls,2026-03-30,17,both,daily,https://portwatch.imf.org/pages/cb5856222a5b4105adc6ee7e880a1730,2026-05-12T07:44:00.346Z,open,200,application/json; charset=utf-8,data/raw/traffic/imf-portwatch-hormuz/2026-05-12T07-44-00-346Z-portwatch-daily-chokepoint6.json,sha256:40c66f5348995d222e8502e82f7f5e19ef7924886ea86a5a0422265ce2ee7e81,PortWatch chokepoint6 Strait of Hormuz; AIS/GNSS caveat applies. n_tanker=12; n_cargo=5; capacity=275007.
imf-portwatch-hormuz,daily_transit_calls,2026-03-31,6,both,daily,https://portwatch.imf.org/pages/cb5856222a5b4105adc6ee7e880a1730,2026-05-12T07:44:00.346Z,open,200,application/json; charset=utf-8,data/raw/traffic/imf-portwatch-hormuz/2026-05-12T07-44-00-346Z-portwatch-daily-chokepoint6.json,sha256:40c66f5348995d222e8502e82f7f5e19ef7924886ea86a5a0422265ce2ee7e81,PortWatch chokepoint6 Strait of Hormuz; AIS/GNSS caveat applies. n_tanker=2; n_cargo=4; capacity=101218.
imf-portwatch-hormuz,daily_transit_calls,2026-04-01,6,both,daily,https://portwatch.imf.org/pages/cb5856222a5b4105adc6ee7e880a1730,2026-05-12T07:44:00.346Z,open,200,application/json; charset=utf-8,data/raw/traffic/imf-portwatch-hormuz/2026-05-12T07-44-00-346Z-portwatch-daily-chokepoint6.json,sha256:40c66f5348995d222e8502e82f7f5e19ef7924886ea86a5a0422265ce2ee7e81,PortWatch chokepoint6 Strait of Hormuz; AIS/GNSS caveat applies. n_tanker=0; n_cargo=6; capacity=81633.
imf-portwatch-hormuz,daily_transit_calls,2026-04-02,6,both,daily,https://portwatch.imf.org/pages/cb5856222a5b4105adc6ee7e880a1730,2026-05-12T07:44:00.346Z,open,200,application/json; charset=utf-8,data/raw/traffic/imf-portwatch-hormuz/2026-05-12T07-44-00-346Z-portwatch-daily-chokepoint6.json,sha256:40c66f5348995d222e8502e82f7f5e19ef7924886ea86a5a0422265ce2ee7e81,PortWatch chokepoint6 Strait of Hormuz; AIS/GNSS caveat applies. n_tanker=2; n_cargo=4; capacity=120894.
imf-portwatch-hormuz,daily_transit_calls,2026-04-03,5,both,daily,https://portwatch.imf.org/pages/cb5856222a5b4105adc6ee7e880a1730,2026-05-12T07:44:00.346Z,open,200,application/json; charset=utf-8,data/raw/traffic/imf-portwatch-hormuz/2026-05-12T07-44-00-346Z-portwatch-daily-chokepoint6.json,sha256:40c66f5348995d222e8502e82f7f5e19ef7924886ea86a5a0422265ce2ee7e81,PortWatch chokepoint6 Strait of Hormuz; AIS/GNSS caveat applies. n_tanker=4; n_cargo=1; capacity=99536.
imf-portwatch-hormuz,daily_transit_calls,2026-04-04,10,both,daily,https://portwatch.imf.org/pages/cb5856222a5b4105adc6ee7e880a1730,2026-05-12T07:44:00.346Z,open,200,application/json; charset=utf-8,data/raw/traffic/imf-portwatch-hormuz/2026-05-12T07-44-00-346Z-portwatch-daily-chokepoint6.json,sha256:40c66f5348995d222e8502e82f7f5e19ef7924886ea86a5a0422265ce2ee7e81,PortWatch chokepoint6 Strait of Hormuz; AIS/GNSS caveat applies. n_tanker=2; n_cargo=8; capacity=134722.
imf-portwatch-hormuz,daily_transit_calls,2026-04-05,9,both,daily,https://portwatch.imf.org/pages/cb5856222a5b4105adc6ee7e880a1730,2026-05-12T07:44:00.346Z,open,200,application/json; charset=utf-8,data/raw/traffic/imf-portwatch-hormuz/2026-05-12T07-44-00-346Z-portwatch-daily-chokepoint6.json,sha256:40c66f5348995d222e8502e82f7f5e19ef7924886ea86a5a0422265ce2ee7e81,PortWatch chokepoint6 Strait of Hormuz; AIS/GNSS caveat applies. n_tanker=7; n_cargo=2; capacity=298164.
imf-portwatch-hormuz,daily_transit_calls,2026-04-06,5,both,daily,https://portwatch.imf.org/pages/cb5856222a5b4105adc6ee7e880a1730,2026-05-12T07:44:00.346Z,open,200,application/json; charset=utf-8,data/raw/traffic/imf-portwatch-hormuz/2026-05-12T07-44-00-346Z-portwatch-daily-chokepoint6.json,sha256:40c66f5348995d222e8502e82f7f5e19ef7924886ea86a5a0422265ce2ee7e81,PortWatch chokepoint6 Strait of Hormuz; AIS/GNSS caveat applies. n_tanker=1; n_cargo=4; capacity=81032.
imf-portwatch-hormuz,daily_transit_calls,2026-04-07,4,both,daily,https://portwatch.imf.org/pages/cb5856222a5b4105adc6ee7e880a1730,2026-05-12T07:44:00.346Z,open,200,application/json; charset=utf-8,data/raw/traffic/imf-portwatch-hormuz/2026-05-12T07-44-00-346Z-portwatch-daily-chokepoint6.json,sha256:40c66f5348995d222e8502e82f7f5e19ef7924886ea86a5a0422265ce2ee7e81,PortWatch chokepoint6 Strait of Hormuz; AIS/GNSS caveat applies. n_tanker=3; n_cargo=1; capacity=162879.
imf-portwatch-hormuz,daily_transit_calls,2026-04-08,4,both,daily,https://portwatch.imf.org/pages/cb5856222a5b4105adc6ee7e880a1730,2026-05-12T07:44:00.346Z,open,200,application/json; charset=utf-8,data/raw/traffic/imf-portwatch-hormuz/2026-05-12T07-44-00-346Z-portwatch-daily-chokepoint6.json,sha256:40c66f5348995d222e8502e82f7f5e19ef7924886ea86a5a0422265ce2ee7e81,PortWatch chokepoint6 Strait of Hormuz; AIS/GNSS caveat applies. n_tanker=0; n_cargo=4; capacity=26346.
imf-portwatch-hormuz,daily_transit_calls,2026-04-09,9,both,daily,https://portwatch.imf.org/pages/cb5856222a5b4105adc6ee7e880a1730,2026-05-12T07:44:00.346Z,open,200,application/json; charset=utf-8,data/raw/traffic/imf-portwatch-hormuz/2026-05-12T07-44-00-346Z-portwatch-daily-chokepoint6.json,sha256:40c66f5348995d222e8502e82f7f5e19ef7924886ea86a5a0422265ce2ee7e81,PortWatch chokepoint6 Strait of Hormuz; AIS/GNSS caveat applies. n_tanker=4; n_cargo=5; capacity=117481.
imf-portwatch-hormuz,daily_transit_calls,2026-04-10,5,both,daily,https://portwatch.imf.org/pages/cb5856222a5b4105adc6ee7e880a1730,2026-05-12T07:44:00.346Z,open,200,application/json; charset=utf-8,data/raw/traffic/imf-portwatch-hormuz/2026-05-12T07-44-00-346Z-portwatch-daily-chokepoint6.json,sha256:40c66f5348995d222e8502e82f7f5e19ef7924886ea86a5a0422265ce2ee7e81,PortWatch chokepoint6 Strait of Hormuz; AIS/GNSS caveat applies. n_tanker=1; n_cargo=4; capacity=289672.
imf-portwatch-hormuz,daily_transit_calls,2026-04-11,11,both,daily,https://portwatch.imf.org/pages/cb5856222a5b4105adc6ee7e880a1730,2026-05-12T07:44:00.346Z,open,200,application/json; charset=utf-8,data/raw/traffic/imf-portwatch-hormuz/2026-05-12T07-44-00-346Z-portwatch-daily-chokepoint6.json,sha256:40c66f5348995d222e8502e82f7f5e19ef7924886ea86a5a0422265ce2ee7e81,PortWatch chokepoint6 Strait of Hormuz; AIS/GNSS caveat applies. n_tanker=5; n_cargo=6; capacity=413601.
imf-portwatch-hormuz,daily_transit_calls,2026-04-12,8,both,daily,https://portwatch.imf.org/pages/cb5856222a5b4105adc6ee7e880a1730,2026-05-12T07:44:00.346Z,open,200,application/json; charset=utf-8,data/raw/traffic/imf-portwatch-hormuz/2026-05-12T07-44-00-346Z-portwatch-daily-chokepoint6.json,sha256:40c66f5348995d222e8502e82f7f5e19ef7924886ea86a5a0422265ce2ee7e81,PortWatch chokepoint6 Strait of Hormuz; AIS/GNSS caveat applies. n_tanker=3; n_cargo=5; capacity=53278.
imf-portwatch-hormuz,daily_transit_calls,2026-04-13,11,both,daily,https://portwatch.imf.org/pages/cb5856222a5b4105adc6ee7e880a1730,2026-05-12T07:44:00.346Z,open,200,application/json; charset=utf-8,data/raw/traffic/imf-portwatch-hormuz/2026-05-12T07-44-00-346Z-portwatch-daily-chokepoint6.json,sha256:40c66f5348995d222e8502e82f7f5e19ef7924886ea86a5a0422265ce2ee7e81,PortWatch chokepoint6 Strait of Hormuz; AIS/GNSS caveat applies. n_tanker=4; n_cargo=7; capacity=109556.
imf-portwatch-hormuz,daily_transit_calls,2026-04-14,10,both,daily,https://portwatch.imf.org/pages/cb5856222a5b4105adc6ee7e880a1730,2026-05-12T07:44:00.346Z,open,200,application/json; charset=utf-8,data/raw/traffic/imf-portwatch-hormuz/2026-05-12T07-44-00-346Z-portwatch-daily-chokepoint6.json,sha256:40c66f5348995d222e8502e82f7f5e19ef7924886ea86a5a0422265ce2ee7e81,PortWatch chokepoint6 Strait of Hormuz; AIS/GNSS caveat applies. n_tanker=3; n_cargo=7; capacity=148986.
imf-portwatch-hormuz,daily_transit_calls,2026-04-15,10,both,daily,https://portwatch.imf.org/pages/cb5856222a5b4105adc6ee7e880a1730,2026-05-12T07:44:00.346Z,open,200,application/json; charset=utf-8,data/raw/traffic/imf-portwatch-hormuz/2026-05-12T07-44-00-346Z-portwatch-daily-chokepoint6.json,sha256:40c66f5348995d222e8502e82f7f5e19ef7924886ea86a5a0422265ce2ee7e81,PortWatch chokepoint6 Strait of Hormuz; AIS/GNSS caveat applies. n_tanker=4; n_cargo=6; capacity=346438.
imf-portwatch-hormuz,daily_transit_calls,2026-04-16,6,both,daily,https://portwatch.imf.org/pages/cb5856222a5b4105adc6ee7e880a1730,2026-05-12T07:44:00.346Z,open,200,application/json; charset=utf-8,data/raw/traffic/imf-portwatch-hormuz/2026-05-12T07-44-00-346Z-portwatch-daily-chokepoint6.json,sha256:40c66f5348995d222e8502e82f7f5e19ef7924886ea86a5a0422265ce2ee7e81,PortWatch chokepoint6 Strait of Hormuz; AIS/GNSS caveat applies. n_tanker=3; n_cargo=3; capacity=87216.
imf-portwatch-hormuz,daily_transit_calls,2026-04-17,14,both,daily,https://portwatch.imf.org/pages/cb5856222a5b4105adc6ee7e880a1730,2026-05-12T07:44:00.346Z,open,200,application/json; charset=utf-8,data/raw/traffic/imf-portwatch-hormuz/2026-05-12T07-44-00-346Z-portwatch-daily-chokepoint6.json,sha256:40c66f5348995d222e8502e82f7f5e19ef7924886ea86a5a0422265ce2ee7e81,PortWatch chokepoint6 Strait of Hormuz; AIS/GNSS caveat applies. n_tanker=4; n_cargo=10; capacity=39440.
imf-portwatch-hormuz,daily_transit_calls,2026-04-18,29,both,daily,https://portwatch.imf.org/pages/cb5856222a5b4105adc6ee7e880a1730,2026-05-12T07:44:00.346Z,open,200,application/json; charset=utf-8,data/raw/traffic/imf-portwatch-hormuz/2026-05-12T07-44-00-346Z-portwatch-daily-chokepoint6.json,sha256:40c66f5348995d222e8502e82f7f5e19ef7924886ea86a5a0422265ce2ee7e81,PortWatch chokepoint6 Strait of Hormuz; AIS/GNSS caveat applies. n_tanker=16; n_cargo=13; capacity=1472788.
imf-portwatch-hormuz,daily_transit_calls,2026-04-19,4,both,daily,https://portwatch.imf.org/pages/cb5856222a5b4105adc6ee7e880a1730,2026-05-12T07:44:00.346Z,open,200,application/json; charset=utf-8,data/raw/traffic/imf-portwatch-hormuz/2026-05-12T07-44-00-346Z-portwatch-daily-chokepoint6.json,sha256:40c66f5348995d222e8502e82f7f5e19ef7924886ea86a5a0422265ce2ee7e81,PortWatch chokepoint6 Strait of Hormuz; AIS/GNSS caveat applies. n_tanker=2; n_cargo=2; capacity=15165.
imf-portwatch-hormuz,daily_transit_calls,2026-04-20,7,both,daily,https://portwatch.imf.org/pages/cb5856222a5b4105adc6ee7e880a1730,2026-05-12T07:44:00.346Z,open,200,application/json; charset=utf-8,data/raw/traffic/imf-portwatch-hormuz/2026-05-12T07-44-00-346Z-portwatch-daily-chokepoint6.json,sha256:40c66f5348995d222e8502e82f7f5e19ef7924886ea86a5a0422265ce2ee7e81,PortWatch chokepoint6 Strait of Hormuz; AIS/GNSS caveat applies. n_tanker=4; n_cargo=3; capacity=63504.
imf-portwatch-hormuz,daily_transit_calls,2026-04-21,3,both,daily,https://portwatch.imf.org/pages/cb5856222a5b4105adc6ee7e880a1730,2026-05-12T07:44:00.346Z,open,200,application/json; charset=utf-8,data/raw/traffic/imf-portwatch-hormuz/2026-05-12T07-44-00-346Z-portwatch-daily-chokepoint6.json,sha256:40c66f5348995d222e8502e82f7f5e19ef7924886ea86a5a0422265ce2ee7e81,PortWatch chokepoint6 Strait of Hormuz; AIS/GNSS caveat applies. n_tanker=1; n_cargo=2; capacity=72385.
imf-portwatch-hormuz,daily_transit_calls,2026-04-22,7,both,daily,https://portwatch.imf.org/pages/cb5856222a5b4105adc6ee7e880a1730,2026-05-12T07:44:00.346Z,open,200,application/json; charset=utf-8,data/raw/traffic/imf-portwatch-hormuz/2026-05-12T07-44-00-346Z-portwatch-daily-chokepoint6.json,sha256:40c66f5348995d222e8502e82f7f5e19ef7924886ea86a5a0422265ce2ee7e81,PortWatch chokepoint6 Strait of Hormuz; AIS/GNSS caveat applies. n_tanker=2; n_cargo=5; capacity=121156.
imf-portwatch-hormuz,daily_transit_calls,2026-04-23,2,both,daily,https://portwatch.imf.org/pages/cb5856222a5b4105adc6ee7e880a1730,2026-05-12T07:44:00.346Z,open,200,application/json; charset=utf-8,data/raw/traffic/imf-portwatch-hormuz/2026-05-12T07-44-00-346Z-portwatch-daily-chokepoint6.json,sha256:40c66f5348995d222e8502e82f7f5e19ef7924886ea86a5a0422265ce2ee7e81,PortWatch chokepoint6 Strait of Hormuz; AIS/GNSS caveat applies. n_tanker=0; n_cargo=2; capacity=35197.
imf-portwatch-hormuz,daily_transit_calls,2026-04-24,8,both,daily,https://portwatch.imf.org/pages/cb5856222a5b4105adc6ee7e880a1730,2026-05-12T07:44:00.346Z,open,200,application/json; charset=utf-8,data/raw/traffic/imf-portwatch-hormuz/2026-05-12T07-44-00-346Z-portwatch-daily-chokepoint6.json,sha256:40c66f5348995d222e8502e82f7f5e19ef7924886ea86a5a0422265ce2ee7e81,PortWatch chokepoint6 Strait of Hormuz; AIS/GNSS caveat applies. n_tanker=2; n_cargo=6; capacity=413829.
imf-portwatch-hormuz,daily_transit_calls,2026-04-25,5,both,daily,https://portwatch.imf.org/pages/cb5856222a5b4105adc6ee7e880a1730,2026-05-12T07:44:00.346Z,open,200,application/json; charset=utf-8,data/raw/traffic/imf-portwatch-hormuz/2026-05-12T07-44-00-346Z-portwatch-daily-chokepoint6.json,sha256:40c66f5348995d222e8502e82f7f5e19ef7924886ea86a5a0422265ce2ee7e81,PortWatch chokepoint6 Strait of Hormuz; AIS/GNSS caveat applies. n_tanker=1; n_cargo=4; capacity=168673.
imf-portwatch-hormuz,daily_transit_calls,2026-04-26,5,both,daily,https://portwatch.imf.org/pages/cb5856222a5b4105adc6ee7e880a1730,2026-05-12T07:44:00.346Z,open,200,application/json; charset=utf-8,data/raw/traffic/imf-portwatch-hormuz/2026-05-12T07-44-00-346Z-portwatch-daily-chokepoint6.json,sha256:40c66f5348995d222e8502e82f7f5e19ef7924886ea86a5a0422265ce2ee7e81,PortWatch chokepoint6 Strait of Hormuz; AIS/GNSS caveat applies. n_tanker=1; n_cargo=4; capacity=164200.
imf-portwatch-hormuz,daily_transit_calls,2026-04-27,3,both,daily,https://portwatch.imf.org/pages/cb5856222a5b4105adc6ee7e880a1730,2026-05-12T07:44:00.346Z,open,200,application/json; charset=utf-8,data/raw/traffic/imf-portwatch-hormuz/2026-05-12T07-44-00-346Z-portwatch-daily-chokepoint6.json,sha256:40c66f5348995d222e8502e82f7f5e19ef7924886ea86a5a0422265ce2ee7e81,PortWatch chokepoint6 Strait of Hormuz; AIS/GNSS caveat applies. n_tanker=1; n_cargo=2; capacity=114882.
imf-portwatch-hormuz,daily_transit_calls,2026-04-28,11,both,daily,https://portwatch.imf.org/pages/cb5856222a5b4105adc6ee7e880a1730,2026-05-12T07:44:00.346Z,open,200,application/json; charset=utf-8,data/raw/traffic/imf-portwatch-hormuz/2026-05-12T07-44-00-346Z-portwatch-daily-chokepoint6.json,sha256:40c66f5348995d222e8502e82f7f5e19ef7924886ea86a5a0422265ce2ee7e81,PortWatch chokepoint6 Strait of Hormuz; AIS/GNSS caveat applies. n_tanker=3; n_cargo=8; capacity=331616.
imf-portwatch-hormuz,daily_transit_calls,2026-04-29,6,both,daily,https://portwatch.imf.org/pages/cb5856222a5b4105adc6ee7e880a1730,2026-05-12T07:44:00.346Z,open,200,application/json; charset=utf-8,data/raw/traffic/imf-portwatch-hormuz/2026-05-12T07-44-00-346Z-portwatch-daily-chokepoint6.json,sha256:40c66f5348995d222e8502e82f7f5e19ef7924886ea86a5a0422265ce2ee7e81,PortWatch chokepoint6 Strait of Hormuz; AIS/GNSS caveat applies. n_tanker=3; n_cargo=3; capacity=397489.
imf-portwatch-hormuz,daily_transit_calls,2026-04-30,5,both,daily,https://portwatch.imf.org/pages/cb5856222a5b4105adc6ee7e880a1730,2026-05-12T07:44:00.346Z,open,200,application/json; charset=utf-8,data/raw/traffic/imf-portwatch-hormuz/2026-05-12T07-44-00-346Z-portwatch-daily-chokepoint6.json,sha256:40c66f5348995d222e8502e82f7f5e19ef7924886ea86a5a0422265ce2ee7e81,PortWatch chokepoint6 Strait of Hormuz; AIS/GNSS caveat applies. n_tanker=3; n_cargo=2; capacity=4205.
imf-portwatch-hormuz,daily_transit_calls,2026-05-01,6,both,daily,https://portwatch.imf.org/pages/cb5856222a5b4105adc6ee7e880a1730,2026-05-12T07:44:00.346Z,open,200,application/json; charset=utf-8,data/raw/traffic/imf-portwatch-hormuz/2026-05-12T07-44-00-346Z-portwatch-daily-chokepoint6.json,sha256:40c66f5348995d222e8502e82f7f5e19ef7924886ea86a5a0422265ce2ee7e81,PortWatch chokepoint6 Strait of Hormuz; AIS/GNSS caveat applies. n_tanker=2; n_cargo=4; capacity=69966.
imf-portwatch-hormuz,daily_transit_calls,2026-05-02,4,both,daily,https://portwatch.imf.org/pages/cb5856222a5b4105adc6ee7e880a1730,2026-05-12T07:44:00.346Z,open,200,application/json; charset=utf-8,data/raw/traffic/imf-portwatch-hormuz/2026-05-12T07-44-00-346Z-portwatch-daily-chokepoint6.json,sha256:40c66f5348995d222e8502e82f7f5e19ef7924886ea86a5a0422265ce2ee7e81,PortWatch chokepoint6 Strait of Hormuz; AIS/GNSS caveat applies. n_tanker=2; n_cargo=2; capacity=45868.
imf-portwatch-hormuz,daily_transit_calls,2026-05-03,5,both,daily,https://portwatch.imf.org/pages/cb5856222a5b4105adc6ee7e880a1730,2026-05-12T07:44:00.346Z,open,200,application/json; charset=utf-8,data/raw/traffic/imf-portwatch-hormuz/2026-05-12T07-44-00-346Z-portwatch-daily-chokepoint6.json,sha256:40c66f5348995d222e8502e82f7f5e19ef7924886ea86a5a0422265ce2ee7e81,PortWatch chokepoint6 Strait of Hormuz; AIS/GNSS caveat applies. n_tanker=1; n_cargo=4; capacity=122148.
imf-portwatch-hormuz,daily_transit_calls,2026-05-12,,both,source_snapshot,https://data-download.imf.org/ClimateData/portwatch-monitor.html,2026-05-12T07:44:00.346Z,open,200,text/html,data/raw/traffic/imf-portwatch-hormuz/2026-05-12T07-44-00-346Z-imf-portwatch-download-index.html,sha256:e649e6175e2fda85fe1d4bf2ab6ba163efa05bf8576c705d0ab1f25881105e9b,PortWatch download page snapshot; parser must verify a stable data endpoint before producing numeric flow observations. title=Traffic source page linked_assets=https://data-download.imf.org/ClimateData/portwatch-monitor.js | https://data-download.imf.org/ClimateData/portwatch-monitor.css | https://portwatch.imf.org/pages/faqs
imo-hormuz-monthly,monthly_avg_daily_transits,2026-05-12,,both,source_snapshot,https://www.imo.org/en/mediacentre/hottopics/pages/strait-of-hormuz-middle-east-data.aspx,2026-05-12T07:44:00.346Z,open,200,text/html; charset=utf-8,data/raw/traffic/imo-hormuz-monthly/2026-05-12T07-44-00-346Z-imo-hormuz-monthly-page.html,sha256:a8fa5f5de9efd5717b4b3f31c9d87626d4d7dd2c2a1a5ff976409c6f394a2bd0,"IMO monthly transit page snapshot; current parser stores page/image metadata, not extracted chart values. title=Monthly data on transits of ships through the Strait of Hormuz linked_assets=https://www.imo.org/en/mediacentre/hottopics/pages/middle-east-strait-of-hormuz.aspx | https://wwwcdn.imo.org/localresources/en/MediaCentre/PublishingImages/Transit_Hormuz_chart_APRIL_2026.png | https://wwwcdn.imo.org/localresources/en/MediaCentre/PublishingImages/Transit_Hormuz_chart_03_2026-updated%20colour.png"
imo-hormuz-monthly,monthly_avg_daily_transits,2026-05-12,,both,chart_image_snapshot,https://wwwcdn.imo.org/localresources/en/MediaCentre/PublishingImages/Transit_Hormuz_chart_APRIL_2026.png,2026-05-12T07:44:00.346Z,open,200,image/png,data/raw/traffic/imo-hormuz-monthly/2026-05-12T07-44-00-346Z-imo-hormuz-chart-1.png,sha256:9a53920bd174a5e44255cba54e47058c1eadbad3f3d9b11aa06bc7fdb9660896,IMO publishes the current monthly Hormuz transit values as chart images; OCR/manual extraction is required before numeric evidence use.
imo-hormuz-monthly,monthly_avg_daily_transits,2026-05-12,,both,chart_image_snapshot,https://wwwcdn.imo.org/localresources/en/MediaCentre/PublishingImages/Transit_Hormuz_chart_03_2026-updated%20colour.png,2026-05-12T07:44:00.346Z,open,200,image/png,data/raw/traffic/imo-hormuz-monthly/2026-05-12T07-44-00-346Z-imo-hormuz-chart-2.png,sha256:a84e78735be781906f2203dffaa8bab23d28217ceba8c1786bab61d04af82985,IMO publishes the current monthly Hormuz transit values as chart images; OCR/manual extraction is required before numeric evidence use.
